name,tokenId
birdperson,88503343613075739543520963777291060486201807912868572052399274318004948734506
brad,15269665311165332210277820307488264670887838370437263351040905384039427161121
candidatemorty,90032539106369814741033709293153333496929420339233735227916540148949074456471
dianesanchez,73011984085781086718154271097171180244557662330424146135293975836904541517171
doofusrick,3945629474685287339463761337865819262372031892422715284179930766298351011445
drwong,57832261227381137288405596041318774754789619510735998445973513252192768836609
ethan,76624128712406251401789542381880814993700269849455463045895503760594291739893
eyepatchmorty,101389438191514476045593365950488851343528261338978796278476430275262584378896
fourthdimensionalbeing,7067353459492769603087469471497676362520554451249536604782072220200516667846
gearhead,82731183517063243038622181399013434072160998204367974329345145562650581134097
jerrysmith,105958225787272736620422385070977790144250426750605773081950218595906015216941
jessica,33187252132539860800625359085507266578443523900947021355579415728795389409795
killerrick,81754450366104603704320694917662648631737627803816258282827780325312377092897
mortysmith,73234682631465541274806640217542009056441273514144876655168324007580830330721
mrgoldenfold,62535763126090504529435405677774763896377844358439254736166439079013460866166
mrmeeseeks,25185653758047685227866653845184865809778848918005549616965566150472801246241
mrpoopybutthole,64647415324872159849326513594666706134341434743941849703252429502477649238874
nancy,60412658372580140652462540868694435045728018758109735712183449273528253692158
presidentmorty,75215500407897328223806712025843547156167207679959280455989549634793747715568
principalgenevagina,38691294687231633595370198373241598524269867608187803304029296569768280812705
revolioclockbergjr,68377877439955536011550103142148793816259419262412996448855774482441628787798
ricksanchez,13987435158519095790713681914781012710517606318376102930936624794801808261178
smith,15583048992513256662634926467135858717293565653604724375950359332122088936390
snowball,59934754644369511955276160766503171517775124298745203377666573234355869374770
snuffles,3001468881194770501246698846077529550223492534870671749400754107432222211841
squanchy,82186464022510068778059939783192210940430759210408855610115479127534665578403
summersmith,41990952924609338820082361350997589385191464592047421573727214643567870559811
tammygueterman,83121907945626936998526396679740708669514490878949554458841902015355049228078
tobymatthews,86468918504722491033448261490388618226974520316772079683643235635265599392951
tricialange,42694623014992001531940478037871156615355123320163929279290722071630281550880